name,formula,smiles,carbon_count,boiling_point_c,melting_point_c,density_g_per_ml,vapour_pressure_kpa
Methane,CH4,C,1,-161.5,-182.5,0.423,-
Ethane,C2H6,CC,2,-88.6,-183.3,0.546,-
Propane,C3H8,CCC,3,-42.1,-187.6,0.582,-
Butane,C4H10,CCCC,4,-0.5,-138.3,0.601,220.0
Pentane,C5H12,CCCCC,5,36.1,-129.7,0.626,68.3
Hexane,C6H14,CCCCCC,6,68.7,-95.3,0.659,17.6
Heptane,C7H16,CCCCCCC,7,98.4,-90.6,0.684,6.1
Octane,C8H18,CCCCCCCC,8,125.7,-56.8,0.703,1.9
Nonane,C9H20,CCCCCCCCC,9,150.8,-53.5,0.718,0.6
Decane,C10H22,CCCCCCCCCC,10,174.1,-29.7,0.730,0.2
Undecane,C11H24,CCCCCCCCCCC,11,195.9,-25.6,0.740,0.07
Dodecane,C12H26,CCCCCCCCCCCC,12,216.3,-9.6,0.749,0.02
Tridecane,C13H28,CCCCCCCCCCCCC,13,235.4,-5.4,0.756,0.006
Tetradecane,C14H30,CCCCCCCCCCCCCC,14,253.5,5.9,0.763,0.002
Pentadecane,C15H32,CCCCCCCCCCCCCCC,15,270.6,10.0,0.769,0.001